field_soil_temp_c,field_air_temp_c,field_rh,field_soil_wc
-0.032,4.532,82.9,0.2182
-0.032,1.344,80.6,0.2167
-0.032,-0.535,76.3,0.2146
-0.032,-0.789,72.5,0.2131
-0.032,-1.556,68.1,0.2116
-0.032,-2.16,68.4,0.2116
-0.032,-2.976,67.3,0.2109
-0.032,-3.449,67,0.2102
-0.032,-2.537,67.8,0.2095
-0.032,-0.704,63,0.2095
-0.032,0.329,55.2,0.2102
-0.032,1.643,49.2,0.2102
-0.032,2.182,46.2,0.2109
-0.032,4.194,42.1,0.2116
-0.032,3.591,38.9,0.2124
-0.004,4.636,38.7,0.2131
-0.004,3.089,38.3,0.2146
-0.004,3.512,40.7,0.2167
-0.004,1.805,41.6,0.2175
-0.032,0.495,45.8,0.2167
-0.032,-0.648,50.3,0.2167
-0.032,-1.929,54.4,0.2167
-0.032,-1.986,56.3,0.216
-0.032,-1.556,58.4,0.2167
-0.032,-1.871,60.5,0.2167
-0.032,-2.508,65,0.2167
-0.032,-3.242,72,0.216
-0.032,-3.687,78.3,0.216
-0.032,-4.59,82.5,0.2153
-0.032,-4.773,86.3,0.2153
-0.032,-4.926,88.6,0.2146
-0.032,-4.957,90.3,0.2146
-0.032,-2.625,91.5,0.2138
-0.032,0.384,83.7,0.2138
-0.032,2.503,71.9,0.2146
-0.032,3.643,60.8,0.2153
-0.032,5.565,49.6,0.2153
-0.032,6.914,38.5,0.216
-0.032,7.091,32.9,0.2167
-0.032,8.17,32.4,0.2182
-0.032,8.817,30.3,0.2196
-0.032,7.795,30,0.2211
-0.032,6.433,33.5,0.2211
-0.004,5.437,36.2,0.2211
-0.004,4.48,39.7,0.2211
-0.004,3.142,45.4,0.2204
-0.004,2.503,49,0.2204
-0.004,2.047,51.6,0.2204
-0.004,2.101,55.4,0.2204
-0.004,2.37,53.2,0.2196
-0.004,2.236,52.3,0.2204
-0.004,1.615,54.5,0.2196
-0.004,0.024,58.4,0.2196
-0.004,1.398,64.7,0.2182
-0.004,1.099,73.6,0.2182
-0.004,1.561,74.8,0.2175
0.024,2.584,77.9,0.2175
3.591,4.584,84,0.1724
3.591,1.317,81.3,0.1717
3.538,-0.479,77.1,0.171
3.406,-0.845,73.8,0.171
3.274,-1.327,69.9,0.1702
3.142,-1.871,69.8,0.1695
3.009,-2.654,69,0.1688
2.877,-3.094,67.6,0.1688
2.77,-2.859,67.7,0.1681
2.664,-2.102,67,0.1681
2.584,-1.128,61.1,0.1673
2.503,0.163,56.3,0.1673
2.45,0.632,53.9,0.1673
2.423,1.425,50.5,0.1673
2.477,1.697,47,0.1666
2.557,1.994,46.3,0.1666
2.584,2.61,46.8,0.1666
2.584,1.967,47.9,0.1659
2.584,1.398,48.4,0.1659
2.584,0.439,50.4,0.1652
2.53,-0.199,53.7,0.1652
2.477,-1.213,55.9,0.1644
2.423,-1.185,59,0.1644
2.37,-0.845,60.9,0.1644
2.343,-1.441,62.8,0.1637
2.289,-1.441,65.6,0.1637
2.262,-2.189,72,0.1637
2.236,-2.8,77.8,0.1637
2.182,-3.39,81.8,0.163
2.155,-3.777,84.8,0.163
2.101,-3.807,85.9,0.163
2.047,-4.076,86.5,0.1623
2.021,-3.39,87.8,0.1623
1.967,-1.015,85.4,0.1623
1.94,0.495,77.3,0.1623
1.913,1.751,69.3,0.1623
1.94,3.617,59,0.1615
2.047,4.141,47.3,0.1615
2.155,4.999,41,0.1615
2.289,5.847,40.4,0.1608
2.396,6.636,38.4,0.1608
2.503,6.864,37.7,0.1608
2.557,6.077,39.6,0.1608
2.61,5.282,42.1,0.1601
2.637,4.61,44.2,0.1601
2.637,3.327,49.6,0.1601
2.637,2.823,53.3,0.1601
2.637,2.61,56.5,0.1594
2.61,2.074,61.8,0.1594
2.584,2.343,60,0.1594
2.584,2.289,57.6,0.1594
2.584,1.967,58.2,0.1594
2.557,0.989,61.6,0.1586
2.53,1.344,66,0.1586
2.503,1.153,75.9,0.1586
2.477,1.588,75.5,0.1586
2.477,2.182,79,0.1586
6.128,4.714,89.3,0.455
6.051,1.832,84.2,0.455
5.924,-0.255,79.6,0.455
5.693,-0.535,75.4,0.455
5.385,-1.043,71.1,0.455
5.128,-1.556,70,0.455
4.869,-2.392,68.8,0.4542
4.636,-3.212,68.6,0.455
4.48,-1.584,67.8,0.455
4.376,-0.116,65,0.4542
4.22,1.262,58.6,0.455
4.063,2.584,51,0.4542
4.011,3.433,46.8,0.4542
4.22,4.141,44.3,0.455
4.74,5.36,40.9,0.455
5.282,4.011,40.8,0.455
5.745,5.385,40.2,0.4557
6.102,3.459,42,0.4557
6.306,2.101,43.6,0.4557
6.382,1.017,47.5,0.455
6.306,-0.004,50.8,0.455
6.102,-1.299,53.9,0.4542
5.872,-1.613,58.6,0.4542
5.616,-0.76,60.5,0.4542
5.36,-1.1,60,0.4542
5.154,-1.413,63.7,0.4542
4.973,-2.566,70.2,0.4542
4.792,-3.36,73.5,0.4542
4.662,-3.538,76.1,0.4542
4.584,-4.046,80.1,0.4542
4.506,-4.106,83.3,0.4542
4.402,-4.137,85.5,0.4542
4.272,-1.299,86.9,0.4542
4.115,0.852,86.7,0.4542
4.011,2.316,78,0.4542
3.958,4.246,64.5,0.4542
4.011,5.257,52.6,0.4542
4.246,7.444,42.1,0.4542
4.74,7.945,35.8,0.455
5.488,7.77,34.1,0.4557
6.23,8.643,33.1,0.455
6.737,8.593,32.8,0.455
7.041,6.99,34.8,0.4557
7.167,5.949,37.7,0.4557
7.192,4.61,41.3,0.455
7.091,3.827,47.2,0.455
6.94,3.274,50.7,0.4542
6.737,2.53,53.4,0.4542
6.535,2.823,55.1,0.4542
6.306,3.168,53.6,0.4542
6.128,3.116,53.3,0.4542
6,2.316,55.8,0.4542
5.872,0.495,59,0.4542
5.745,1.126,64.8,0.4542
5.565,1.832,70.6,0.4542
5.411,2.047,74.4,0.455
5.334,2.584,76.5,0.4542
-0.032,2.074,88.5,0.1942
-0.06,1.778,88.2,0.1942
-0.06,1.724,87.9,0.1935
-0.06,1.724,87.3,0.1935
-0.06,1.643,86.6,0.1935
-0.06,0.467,87.1,0.1928
-0.06,-0.986,89.7,0.192
-0.06,-1.47,92.8,0.1913
-0.06,1.425,91.1,0.1913
-0.032,2.423,84.5,0.1913
-0.032,3.089,79.1,0.1913
-0.032,3.38,74.2,0.192
-0.032,2.93,75.3,0.1928
-0.032,2.903,76.4,0.1935
-0.032,2.182,79.8,0.1942
-0.032,1.94,82.2,0.1942
-0.032,2.155,82.6,0.1942
-0.032,2.289,80.8,0.1949
-0.032,1.913,79.4,0.1942
-0.032,2.047,83.7,0.1942
-0.032,3.301,77.7,0.1942
-0.032,3.009,66.8,0.1942
-0.032,2.423,69.3,0.1942
-0.032,0.412,77,0.1906
-0.032,-0.367,92.7,0.1957
-0.032,-0.563,96.2,0.1957
-0.032,0.329,90.5,0.1949
-0.032,0.163,84.4,0.1942
-0.032,-0.451,84.6,0.1949
-0.032,-0.535,86.8,0.1942
-0.032,-0.62,90,0.1942
-0.032,-0.339,83.3,0.1942
-0.032,0.246,79.6,0.192
-0.032,0.852,75.4,0.1949
-0.032,1.805,71.4,0.187
-0.032,3.406,64.5,0.1935
-0.032,4.089,57.7,0.1949
-0.032,4.662,55.5,0.1978
-0.032,3.643,52,0.1986
-0.032,3.274,53.8,0.1993
-0.032,2.664,54,0.1993
-0.032,2.316,55,0.1986
-0.032,0.934,56.1,0.1986
-0.032,-0.143,60.2,0.1978
-0.032,-0.367,61.7,0.1971
-0.032,-0.789,60.8,0.1964
-0.032,-1.27,60,0.1957
-0.032,-2.537,63.2,0.1957
-0.032,-2.45,68.5,0.1949
-0.032,-2.596,71,0.1942
-0.032,-2.918,72.9,0.1942
-0.032,-2.771,72.1,0.1935
-0.032,-3.183,70.6,0.1935
-0.032,-3.657,72.4,0.1928
-0.032,-3.598,74.4,0.1928
-0.032,-3.598,74.7,0.192
-0.032,-2.015,74.7,0.1913
-0.032,1.18,66.5,0.192
-0.032,1.805,58.8,0.192
-0.032,3.433,54.5,0.1928
-0.032,4.246,51.9,0.1928
-0.032,5.282,49.7,0.1928
-0.032,4.454,47.1,0.1935
-0.032,4.61,45.7,0.1935
-0.032,2.903,47.2,0.1935
-0.032,1.886,51.3,0.1935
-0.032,0.467,54.8,0.1935
-0.032,-0.395,57.7,0.1935
-0.032,-0.873,59.3,0.1935
-0.032,-1.157,59.3,0.1935
-0.032,-1.299,60,0.1935
-0.032,-1.556,62.6,0.1928
-0.032,-2.189,67.3,0.1928
-0.032,-2.421,68.1,0.1928
-0.032,-3.33,64.8,0.192
-0.032,-3.538,63,0.1913
-0.06,-3.866,64.1,0.1913
-0.032,-3.508,64.2,0.1913
-0.032,-3.986,63.6,0.1906
-0.032,-4.106,62.8,0.1899
-0.06,-2.537,62.5,0.1899
-0.032,-0.143,55,0.1899
-0.032,0.605,46.1,0.1899
-0.032,1.967,41,0.1906
-0.032,3.195,35.9,0.1913
-0.032,2.797,31.5,0.1913
-0.032,3.301,31.9,0.1913
-0.032,2.983,33.8,0.192
-0.032,1.317,35.4,0.192
-0.032,0.19,39,0.192
-0.032,-1.27,43.1,0.1913
-0.06,-2.131,46.9,0.1913
-0.06,-2.363,49.6,0.1906
-0.06,-2.771,51.1,0.1906
-0.06,-2.947,59,0.1899
-0.06,-2.976,60.7,0.1899
-0.06,-3.153,52.6,0.1891
-0.06,-3.657,47.5,0.1884
-0.06,-4.651,48.3,0.1877
-0.06,-4.743,51.5,0.1877
-0.06,-5.233,53.5,0.187
-0.06,-5.76,56.3,0.1862
-0.06,-6.073,58.2,0.1855
-0.06,-6.073,59.7,0.1848
-0.06,-4.167,60.7,0.184
-0.06,-1.242,55.3,0.184
-0.06,0.329,52.1,0.184
-0.032,1.859,49.4,0.1848
-0.032,3.538,47.5,0.1855
-0.06,4.22,44.3,0.1855
-0.06,4.895,44.4,0.187
-0.06,4.011,44.2,0.187
-0.06,1.534,55.7,0.187
-0.06,-0.171,62.7,0.187
-0.06,-2.044,70.6,0.1862
-0.06,-3.153,76.5,0.1862
-0.06,-3.242,80.5,0.1855
-0.06,-4.59,82.8,0.1855
-0.06,-4.408,86,0.1848
-0.06,-4.773,87.8,0.1833
-0.06,-3.777,88.6,0.1833
-0.06,-3.242,87.2,0.1826
-0.06,-2.947,86.1,0.1826
-0.06,-2.566,85.8,0.1819
-0.06,-1.299,84.7,0.1819
-0.06,-1.071,79.4,0.1811
-0.06,-0.986,78,0.1811
-0.06,-0.93,79.4,0.1811
-0.06,-0.283,77.2,0.1811
-0.06,-0.004,76,0.1811
-0.06,-0.199,76.3,0.1811
-0.06,0.19,73.1,0.1811
-0.06,0.522,72.2,0.1811
-0.06,0.77,72.5,0.1811
-0.06,0.163,71.5,0.1811
-0.06,0.329,75.9,0.1811
-0.06,0.825,76.6,0.1811
-0.06,0.77,78.1,0.1811
-0.06,0.962,80.2,0.1811
-0.06,0.797,83.5,0.1811
-0.06,1.126,88.9,0.1819
-0.06,0.079,85.2,0.1811
-0.06,-1.613,88.8,0.1811
-0.06,-1.699,92,0.1804
-0.06,-2.742,94.3,0.1804
-0.06,-2.392,95.7,0.1797
-0.06,-2.596,96.5,0.179
-0.06,-2.044,96.9,0.1782
-0.06,-1.871,97.2,0.1782
-0.06,-2.015,97.4,0.1775
-0.06,-1.929,97.6,0.1768
-0.06,-1.384,97.7,0.1761
-0.06,0.687,97.7,0.1739
-0.06,1.561,94.1,0.1717
-0.06,1.724,89.3,0.1775
-0.06,2.074,86.6,0.1768
-0.06,2.155,85.4,0.1768
-0.06,2.93,84.8,0.1761
-0.06,2.262,88,0.1782
-0.032,2.717,91.2,0.1775
-0.032,3.009,88,0.1775
-0.032,2.074,88.2,0.1775
-0.032,1.561,92.7,0.1775
-0.032,-0.088,94,0.1775
-0.06,0.605,94.9,0.1775
-0.032,1.262,93.7,0.1775
-0.032,-0.143,90.3,0.1775
-0.032,-0.004,85,0.1775
-0.032,-0.367,81.3,0.1775
-0.032,-0.902,80.5,0.1768
-0.032,-1.327,79,0.1768
-0.032,-2.015,80.2,0.1768
-0.032,-2.305,80,0.1768
-0.032,-2.508,78,0.1768
-0.032,-2.888,76,0.1768
-0.032,-3.153,77,0.1768
-0.032,-3.242,77.3,0.1761
-0.032,-2.888,75.9,0.1761
-0.032,-0.395,72.3,0.1753
-0.032,-1.071,65.3,0.1761
-0.032,-0.227,65.6,0.1761
-0.032,-0.591,62.9,0.1761
-0.032,-0.199,62.7,0.1761
-0.032,-0.283,62.6,0.1761
-0.032,-0.283,62.6,0.1768
-0.032,-0.789,65.1,0.1768
-0.032,-1.015,69.2,0.1761
-0.032,-1.441,72.4,0.1761
-0.032,-1.556,75.5,0.1761
-0.032,-3.657,78.2,0.1761
-0.032,-3.657,81.7,0.1753
-0.032,-2.247,80.4,0.1746
-0.032,-2.334,78.4,0.1746
-0.032,-1.814,78.8,0.1739
-0.032,-2.305,80.9,0.1732
-0.032,-2.247,83.4,0.1724
-0.032,-2.218,84.3,0.1717
-0.032,-1.9,84.7,0.171
-0.032,-2.044,83.3,0.1702
-0.032,-1.756,82.3,0.1695
-0.032,-0.227,83.3,0.1688
-0.032,2.262,80,0.1688
-0.032,2.717,71.1,0.1688
-0.032,3.512,61.1,0.1688
-0.032,4.272,57.7,0.1695
-0.032,3.433,62.2,0.1702
-0.032,3.801,54.5,0.171
-0.032,2.77,54.3,0.1717
-0.032,2.316,57.8,0.1717
-0.032,1.398,61.1,0.1724
-0.032,-0.311,65.3,0.1717
-0.032,-0.648,69.4,0.1717
-0.032,-1.015,66,0.1717
-0.032,-1.071,69,0.1717
-0.032,-1.27,71.2,0.1724
-0.032,-1.871,72.1,0.1717
-0.032,-2.392,74.8,0.1724
-0.032,-2.859,77.1,0.1717
-0.032,-2.596,80.1,0.1717
-0.032,-2.918,82.3,0.1717
-0.032,-2.771,82.5,0.171
-0.032,-2.654,82.2,0.1702
-0.032,-3.183,83,0.1702
-0.032,-3.449,82.7,0.1688
-0.032,-0.62,79.7,0.1681
-0.032,0.88,70.8,0.1681
-0.032,1.886,61.2,0.1681
-0.032,2.316,55,0.1681
-0.032,1.913,52.2,0.1688
-0.032,2.396,51.6,0.1688
-0.032,2.236,48.3,0.1695
-0.032,2.047,49.4,0.1695
-0.032,1.94,48.8,0.1695
-0.032,1.561,48.2,0.1695
-0.032,0.852,47.9,0.1695
-0.032,0.19,50.5,0.1695
-0.032,-0.451,56.7,0.1695
-0.032,-2.16,63.3,0.1695
-0.032,-1.727,71.2,0.1695
-0.032,-2.131,67.9,0.1695
-0.032,-3.479,72.5,0.1695
-0.032,-3.836,77.1,0.1688
-0.06,-4.804,79.7,0.1681
-0.06,-4.378,82.2,0.1666
-0.06,-4.865,82.2,0.1659
-0.032,-3.717,83.7,0.1644
-0.06,-5.357,83.6,0.163
-0.06,-5.698,87.2,0.1608
-0.032,-1.67,87.7,0.1594
-0.032,-0.367,72.3,0.1586
-0.032,1.453,64.8,0.1579
-0.032,2.155,58.8,0.1579
-0.032,2.637,50.5,0.1586
-0.032,3.512,48.6,0.1586
-0.032,3.036,47.8,0.1594
-0.032,3.406,46.3,0.1601
-0.032,2.983,46.9,0.1601
-0.032,1.994,47.7,0.1608
-0.032,0.687,54.3,0.1608
-0.032,-0.004,59.2,0.1608
-0.06,-1.1,60.9,0.1608
-0.06,-1.157,64.6,0.1608
-0.06,-1.527,66.8,0.1608
-0.06,-1.699,69.1,0.1608
-0.06,-1.842,71,0.1615
-0.06,-1.958,72.4,0.1615
-0.06,-2.131,72.7,0.1615
-0.06,-2.218,71.9,0.1615
-0.06,-2.073,71.3,0.1608
-0.06,-2.16,69.8,0.1608
-0.06,-2.421,69.1,0.1608
-0.06,-2.305,69,0.1608
-0.06,-2.102,69,0.1601
-0.06,-0.902,73.5,0.1608
-0.06,-1.043,70.8,0.1601
-0.06,-1.071,70.5,0.1601
-0.06,0.163,74.4,0.1608
-0.06,0.246,71.9,0.1615
-0.06,2.236,66.2,0.1615
-0.06,-0.199,65.4,0.1623
-0.06,-0.116,69.5,0.1623
-0.06,-0.451,69.5,0.1623
-0.06,-1.584,73.9,0.1623
-0.06,-2.392,85.5,0.163
-0.06,-3.36,91.1,0.163
-0.06,-3.836,92.3,0.1623
-0.06,-3.598,93.7,0.1623
-0.06,-4.197,93.9,0.1623
-0.06,-4.895,93.8,0.1615
-0.06,-5.018,94.6,0.1601
-0.06,-4.046,94.6,0.1601
-0.06,-3.717,93.2,0.1594
-0.06,-3.896,90.1,0.1579
-0.06,-4.106,86.8,0.1572
-0.06,-5.172,87.9,0.1564
-0.06,-5.388,88.7,0.155
-0.06,-2.888,86.9,0.1535
-0.06,-0.227,78.9,0.1426
-0.06,0.163,74,0.1535
-0.06,0.825,68.9,0.1528
-0.06,2.316,68.6,0.1521
-0.06,2.637,64.1,0.1528
-0.06,3.406,68.4,0.1535
-0.06,1.643,72.6,0.1543
-0.06,2.021,72.4,0.155
-0.06,0.55,67.2,0.155
-0.06,-0.088,67.6,0.155
-0.06,-0.789,69.1,0.155
-0.06,-1.1,73.2,0.1557
-0.06,-1.413,76.3,0.1557
-0.06,-1.128,78.9,0.1557
-0.06,-1.157,80,0.1564
-0.06,-1.213,82.9,0.1564
-0.06,-1.413,83,0.1564
-0.06,-1.441,83,0.1564
-0.06,-1.641,83.4,0.1557
-0.06,-1.727,83.1,0.1557
-0.06,-1.842,81.8,0.155
-0.06,-2.189,80,0.155
-0.06,-2.16,79.4,0.1543
-0.06,-1.413,78.4,0.1543
-0.06,0.051,73.2,0.1535
-0.06,0.66,67.3,0.1535
-0.06,1.805,64.4,0.1535
-0.06,1.805,61.1,0.155
-0.06,1.289,62.3,0.155
-0.06,1.534,64.7,0.155
-0.06,2.101,65.2,0.1564
-0.06,0.907,65.7,0.1564
-0.06,0.19,64.2,0.1572
-0.06,-1.213,63.8,0.1572
-0.06,-2.305,67.1,0.1572
-0.06,-2.276,67,0.1572
-0.06,-2.859,70,0.1572
-0.06,-3.419,72.9,0.1572
-0.06,-4.137,75.9,0.1564
-0.06,-3.508,76.5,0.1557
-0.06,-4.257,77.3,0.1543
-0.06,-3.717,78.1,0.1535
-0.06,-3.747,77.4,0.1521
-0.06,-4.408,77.9,0.1506
-0.06,-5.172,80.4,0.1485
-0.06,-5.511,83.2,0.147
-0.06,-4.227,85.1,0.1456
-0.06,-1.47,82.2,0.1448
-0.06,2.45,70.1,0.1441
-0.06,4.714,56.4,0.1441
-0.06,3.221,47.6,0.1448
-0.06,4.037,50,0.1448
-0.06,4.532,50.1,0.1456
-0.06,4.688,48.2,0.147
-0.06,4.61,56.4,0.1477
-0.06,2.557,74.4,0.1485
-0.06,2.128,71.6,0.1492
-0.06,0.962,78.2,0.1499
-0.06,-0.902,78.3,0.1499
-0.06,-1.213,83.3,0.1499
-0.06,-1.27,81.9,0.1506
-0.06,-2.015,75.6,0.1506
-0.06,-2.276,69.8,0.1514
-0.06,-2.392,68.2,0.1514
-0.06,-2.596,70.1,0.1514
-0.06,-3.212,76.6,0.1514
-0.06,-4.682,73.5,0.1506
-0.06,-5.418,72.4,0.1499
-0.06,-5.948,67.3,0.1485
-0.06,-6.61,68.5,0.147
-0.088,-6.898,71,0.1448
-0.088,-5.698,68.3,0.1426
-0.088,-5.357,62.2,0.1405
-0.088,-3.124,61.9,0.139
-0.088,-3.419,55,0.1383
-0.088,-0.873,52.3,0.1383
-0.088,-0.032,48.1,0.139
-0.088,0.55,46.4,0.1397
-0.088,0.163,43.4,0.1405
-0.088,-0.311,45,0.1412
-0.088,-1.128,47.1,0.1412
-0.088,-2.334,50.7,0.1412
-0.088,-3.183,55.3,0.1405
-0.088,-3.836,58.6,0.1397
-0.088,-4.348,61,0.1383
-0.088,-4.804,64.7,0.1368
-0.116,-5.141,68.7,0.1354
-0.116,-7.51,72.7,0.1332
-0.116,-7.09,76.1,0.131
-0.143,-6.042,77.7,0.1281
-0.143,-4.53,76.7,0.1259
-0.143,-4.167,76,0.1238
-0.171,-4.743,77.3,0.1216
-0.171,-4.865,78.3,0.1209
-0.171,-3.153,78.5,0.1194
-0.171,-0.591,74.6,0.1194
-0.171,2.53,66,0.1194
-0.143,4.22,52.6,0.1209
-0.143,5.924,44.8,0.1223
-0.116,6.864,39.8,0.1238
-0.116,7.293,36.4,0.1259
-0.116,7.87,35.6,0.1281
-0.116,8.045,33.5,0.1303
-0.116,6.433,28.2,0.131
-0.116,3.512,31.7,0.1318
-0.116,1.017,36.5,0.1325
-0.116,-1.327,41.1,0.1332
-0.088,-2.392,45.5,0.1339
-0.088,-3.419,42.3,0.1339
-0.088,-3.956,40.7,0.1339
-0.088,-4.408,42.9,0.1339
-0.088,-3.627,47,0.1339
-0.088,-5.511,49.1,0.1325
-0.088,-5.698,50,0.1318
-0.116,-5.948,53.7,0.1296
-0.116,-4.227,57,0.1281
-0.116,-3.657,51.6,0.1274
-0.116,-3.687,50.4,0.1259
-0.143,-3.807,55,0.1252
-0.143,-1.157,57,0.1245
-0.143,1.832,46.4,0.1245
-0.143,5.693,37.4,0.1252
-0.143,7.82,34.2,0.1267
-0.143,9.706,31.9,0.1288
-0.116,10.32,28,0.131
-0.116,11.54,27.1,0.1332
-0.116,13.57,26.3,0.1361
-0.116,10.638,26.8,0.1368
-0.116,3.459,40.3,0.1383
-0.116,1.099,66.4,0.1376
-0.116,-0.789,75.3,0.1376
-0.116,-1.441,80.5,0.1383
-0.116,-0.116,79.5,0.139
-0.116,-0.676,63.9,0.139
-0.116,-1.527,63.6,0.1397
-0.116,-1.699,66.5,0.1405
-0.116,-2.537,63.6,0.1405
-0.116,-3.094,49.6,0.1405
-0.116,-3.479,48,0.1405
-0.116,-4.016,43.4,0.1397
-0.088,-5.636,38.4,0.139
-0.088,-7.058,40.6,0.1376
-0.116,-6.61,41.7,0.1354
-0.116,-4.106,39.5,0.1339
-0.116,-2.479,34.3,0.1332
-0.116,-1.785,30.2,0.1325
-0.116,-1.958,33.1,0.1318
-0.116,-0.76,34.7,0.1325
-0.116,-0.732,35.6,0.1332
-0.116,-0.116,36.8,0.1339
-0.116,0.55,37.1,0.1347
-0.116,-0.451,38.2,0.1354
-0.116,-1.986,43.3,0.1354
-0.116,-2.742,50,0.1354
-0.116,-4.469,56.8,0.1347
-0.116,-5.326,62.3,0.1339
-0.116,-5.202,65.7,0.1318
-0.116,-5.667,66,0.1296
-0.116,-6.199,65.9,0.1274
-0.143,-6.962,69.9,0.1245
-0.143,-7.155,72.5,0.1216
-0.171,-7.771,74.1,0.1194
-0.199,-8.231,76.1,0.1165
-0.227,-8.264,78.8,0.1143
-0.255,-7.869,79.6,0.1114
-0.283,-6.834,79.4,0.11
-0.311,-4.743,78.2,0.1092
-0.311,-2.247,64.8,0.1092
-0.283,-1.27,60.2,0.1107
-0.255,0.467,57.8,0.1114
-0.227,0.907,54.1,0.1129
-0.199,0.273,52,0.1143
-0.171,0.632,52.7,0.1165
-0.171,2.128,55.1,0.1172
-0.171,2.021,53.1,0.1194
-0.143,1.344,53.3,0.1209
-0.143,0.218,57.4,0.1216
-0.143,-0.902,60.4,0.1216
-0.143,-2.16,63.5,0.1223
-0.143,-2.712,68.4,0.1216
-0.143,-3.065,70.7,0.1209
-0.143,-3.717,71.6,0.1194
-0.143,-3.449,74.8,0.118
-0.171,-3.301,74.4,0.1165
-0.171,-2.334,62.3,0.115
-0.199,-3.006,52.4,0.1143
-0.227,-2.566,49.1,0.1136
-0.227,-3.538,49.7,0.1129
-0.227,-4.469,53.5,0.1121
-0.255,-4.439,55.7,0.1114
-0.255,-3.807,57,0.1107
-0.283,-2.479,56.3,0.1114
-0.255,-1.1,52.2,0.1114
-0.227,1.48,46.6,0.1129
-0.227,3.168,41.3,0.1143
-0.199,4.818,36.5,0.1158
-0.199,5.642,34.3,0.1172
-0.171,5.668,33,0.1194
-0.171,5.872,34.4,0.1209
-0.143,5.975,32.3,0.1223
-0.143,4.636,31.5,0.123
-0.143,2.557,37,0.1245
-0.143,0.467,44.5,0.1252
-0.143,-0.116,46.2,0.1252
-0.143,-0.507,47.4,0.1259
-0.143,-0.845,48.7,0.1267
-0.116,-0.732,50.8,0.1267
-0.116,-1.384,51.8,0.1267
-0.116,-1.842,53.8,0.1259
-0.116,-2.537,55.4,0.1259
-0.116,-2.683,57.2,0.1245
-0.143,-3.301,59,0.1238
-0.143,-3.183,61.3,0.1223
-0.143,-3.807,63.4,0.1216
-0.171,-3.33,64.3,0.1201
-0.171,-1.128,61.2,0.1194
-0.171,0.301,54,0.1194
-0.171,2.316,48.1,0.1201
-0.171,2.93,42.9,0.1209
-0.171,5.257,40.9,0.1223
-0.143,6.153,36.3,0.1238
-0.143,6,32.8,0.1252
-0.143,7.041,31.3,0.1274
-0.143,6.255,31.1,0.1288
-0.143,5.102,33.6,0.1296
-0.143,3.38,38.5,0.1303
-0.116,0.632,47.2,0.1303
-0.116,-0.704,55.4,0.1303
-0.116,-1.699,61.3,0.131
-0.116,-2.888,67.4,0.131
-0.116,-2.45,70.4,0.131
-0.116,-2.8,70.7,0.131
-0.116,-3.687,71.7,0.1296
-0.116,-3.986,72.6,0.1281
-0.116,-3.836,75.2,0.1274
-0.116,-4.682,76.6,0.1252
-0.116,-4.712,79.2,0.123
-0.143,-5.326,80.7,0.1216
-0.143,-3.568,81.4,0.1201
-0.171,-0.311,66.3,0.1194
-0.171,1.697,52.5,0.1194
-0.171,3.036,44.1,0.1201
-0.171,4.037,40.5,0.1201
-0.171,4.766,35.9,0.1216
-0.143,5.668,30.9,0.123
-0.143,6.23,33.5,0.1252
-0.143,6.204,34.1,0.1267
-0.143,4.402,36.8,0.1274
-0.143,2.262,42.6,0.1281
-0.143,0.852,47.3,0.1288
-0.116,-0.032,50.8,0.1288
-0.116,-1.699,51.9,0.1288
-0.116,-1.986,54.7,0.1296
-0.116,-2.625,58.8,0.1296
-0.116,-1.785,63.3,0.1288
-0.116,-1.958,65.1,0.1288
-0.116,-1.9,65.8,0.1281
-0.116,-2.537,64.4,0.1274
-0.116,-3.183,61.6,0.1259
-0.116,-3.657,57,0.1245
-0.116,-4.137,54.4,0.123
-0.143,-4.743,54.5,0.1216
-0.143,-4.287,56.4,0.1201
-0.171,-2.625,52.8,0.1194
-0.171,-0.76,48.3,0.1187
-0.171,0.825,45.7,0.1194
-0.171,2.93,40.3,0.1201
-0.171,3.116,35.2,0.1216
-0.143,3.827,30.1,0.1223
-0.143,4.532,27.5,0.1238
-0.143,4.115,28.1,0.1259
-0.143,2.744,30,0.1267
-0.143,0.715,33.5,0.1267
-0.143,-1.356,37.9,0.1274
-0.116,-2.947,43.5,0.1274
-0.116,-3.419,45.3,0.1274
-0.116,-3.657,46,0.1267
-0.116,-4.257,44.2,0.1252
-0.116,-5.11,45.7,0.123
-0.143,-5.418,47.3,0.1216
-0.143,-6.262,50.7,0.1194
-0.171,-6.579,52.9,0.1172
-0.171,-7.122,55.3,0.115
-0.199,-7.316,56.2,0.1129
-0.227,-7.543,56.3,0.1114
-0.255,-7.968,56.5,0.11
-0.283,-6.642,59,0.1078
-0.311,-2.859,52.3,0.1078
-0.311,-0.986,45.9,0.1085
-0.283,0.079,43.2,0.11
-0.255,0.273,46.9,0.1114
-0.227,2.128,52.8,0.1129
-0.199,1.344,59.7,0.115
-0.199,1.561,62.3,0.1158
-0.171,3.564,59.1,0.118
-0.171,2.289,59.7,0.1194
-0.143,1.262,63.9,0.1201
-0.143,0.19,68.5,0.1209
-0.143,-1.842,75,0.1209
-0.143,-2.247,79.8,0.1209
-0.143,-2.363,82.2,0.1201
-0.143,-2.537,86,0.1194
-0.143,-2.859,89.1,0.1187
-0.143,-3.271,91,0.1172
-0.143,-2.537,92.5,0.1165
-0.171,-2.131,94,0.115
-0.171,-1.043,94.4,0.1143
-0.199,-0.93,92.2,0.1136
-0.199,-1.842,92.1,0.1129
-0.199,-2.83,93.4,0.1121
-0.227,-0.032,94.9,0.1114
-0.227,3.512,87.7,0.1129
-0.227,4.662,78.4,0.1129
-0.199,5.257,71.6,0.115
-0.199,6.484,65.1,0.1172
-0.171,8.145,60,0.1201
-0.171,6.306,56.2,0.1216
-0.143,8.07,53.6,0.1238
-0.143,7.268,49.1,0.1267
-0.143,7.091,49.8,0.1274
-0.143,5.076,49.8,0.1274
-0.143,3.433,59.6,0.1281
-0.143,2.744,66.3,0.1288
-0.116,2.717,69.1,0.1296
-0.116,2.557,72.4,0.1303
-0.116,2.45,77.4,0.131
-0.116,2.262,79.7,0.1318
-0.116,2.021,78.8,0.1318
-0.116,1.044,79.5,0.1325
-0.116,0.962,80.6,0.1332
-0.116,2.101,79.3,0.1332
-0.116,2.155,77.1,0.1339
-0.116,2.53,77.6,0.1339
-0.116,2.903,77.1,0.1347
-0.116,3.459,76.2,0.1354
-0.116,3.749,73.7,0.1368
-0.116,3.591,80.5,0.1339
-0.116,3.195,85.2,0.1332
-0.116,3.063,89.7,0.1347
-0.116,3.142,91.7,0.1354
-0.116,3.116,92.7,0.139
-0.116,3.168,93.9,0.1397
-0.116,3.327,95.2,0.1419
-0.116,3.301,96.1,0.1426
-0.116,3.906,97,0.1434
-0.116,4.324,97.4,0.1441
-0.116,4.272,97.7,0.1448
-0.088,5.05,98,0.1456
-0.088,5.975,98.1,0.1456
-0.088,6.204,98.2,0.147
-0.088,6.433,98.3,0.1477
-0.088,5.924,98.6,0.1485
-0.088,6.484,98.7,0.1492
-0.088,5.847,98.6,0.1492
-0.088,4.558,97.7,0.1485
-0.088,3.827,95.9,0.1477
-0.088,2.744,95.3,0.1499
-0.088,2.047,94.5,0.1506
-0.088,2.423,93.5,0.1557
-0.088,3.301,91.9,0.1572
-0.088,3.906,88.5,0.1586
-0.088,4.869,85.8,0.1601
-0.088,5.796,82.3,0.1615
-0.06,6.965,78.8,0.163
-0.06,7.945,75.1,0.1652
-0.06,7.795,73.6,0.1666
-0.06,7.895,72.7,0.1681
-0.06,7.268,72.3,0.1688
-0.06,5.796,75.6,0.1695
-0.06,4.376,80.4,0.1695
-0.06,1.778,84.9,0.1688
-0.06,1.289,90.5,0.1681
-0.06,0.797,93.3,0.1673
-0.06,-0.311,94.7,0.1673
-0.06,0.273,95.5,0.1673
-0.06,0.19,96.2,0.1673
-0.06,0.079,96.8,0.1673
-0.06,-0.423,97.4,0.1681
-0.06,0.825,97.8,0.1652
-0.06,1.044,98,0.1659
-0.032,1.994,98.1,0.1659
-0.06,2.343,98,0.1659
-0.06,2.85,97.8,0.1659
-0.032,3.617,97.5,0.1666
-0.032,4.168,97.2,0.1666
-0.032,4.454,97.8,0.1681
-0.032,4.714,98.3,0.1681
-0.032,5.154,98.4,0.1695
-0.032,5.334,98.4,0.1761
-0.032,5.77,98.5,0.1848
-0.032,6.737,98.4,0.1862
-0.032,6.026,98.1,0.187
-0.032,5.898,97.8,0.1899
-0.032,5.231,97.8,0.1957
-0.032,4.921,97.8,0.1964
-0.032,4.766,97.9,0.1971
-0.032,4.48,98.1,0.1957
-0.032,4.063,97.9,0.1942
-0.032,3.827,97.7,0.1949
-0.032,3.854,97.8,0.1942
-0.032,3.801,97.2,0.192
-0.032,3.591,97.3,0.1913
-0.032,3.775,96.5,0.1899
-0.032,2.983,94.3,0.1862
-0.032,2.637,93.2,0.1913
-0.032,2.584,91.2,0.1935
-0.032,2.45,89.7,0.1942
-0.032,3.643,83.7,0.1942
-0.032,4.324,73.7,0.1949
-0.032,5.77,62,0.1957
-0.032,5.282,52.5,0.1964
-0.032,6.026,47.7,0.1978
-0.032,6.153,43.5,0.1986
-0.032,7.167,38.6,0.1993
-0.032,6.408,40.3,0.2
-0.032,6.077,37.9,0.2008
-0.032,5.539,39.5,0.2008
-0.032,4.454,42.3,0.2008
-0.032,2.823,50.4,0.2
-0.032,1.208,53,0.1993
-0.032,-1.015,53.9,0.1986
-0.032,-1.584,61.1,0.1978
-0.032,-2.83,66.8,0.1971
-0.032,-2.16,70.4,0.1964
-0.032,-1.958,71.8,0.1964
-0.032,-3.568,73.1,0.1957
-0.032,-3.479,79.1,0.1949
-0.032,-0.451,75.6,0.1957
-0.032,-0.591,75,0.1949
-0.032,-1.015,80.1,0.1949
-0.032,1.126,79.9,0.1957
-0.032,4.115,72,0.1957
-0.032,6.611,61.8,0.1964
-0.032,7.619,54.1,0.1978
-0.032,8.965,50.3,0.1993
-0.032,10.198,48.8,0.2015
-0.032,10.075,46.3,0.2029
-0.032,8.866,49.7,0.2058
-0.004,9.262,52.5,0.2066
-0.032,8.419,52.2,0.2073
-0.032,5.514,76.1,0.208
-0.032,5.154,87.2,0.216
-0.032,5.668,91.8,0.2196
-0.032,7.066,92.3,0.216
-0.032,7.695,89,0.2116
-0.032,6.839,88.6,0.2138
1.453,2.155,86.9,0.1782
1.453,1.859,86.4,0.1775
1.453,1.778,86.3,0.1775
1.48,1.67,85.9,0.1768
1.507,1.561,85.5,0.1768
1.534,1.235,85.5,0.1761
1.534,-0.395,87,0.1761
1.507,-0.199,89.3,0.1761
1.48,1.153,86.6,0.1753
1.453,1.561,83.3,0.1753
1.48,2.316,80.2,0.1753
1.507,2.503,76.5,0.1746
1.588,2.289,77.5,0.1746
1.643,2.209,78.3,0.1746
1.67,1.751,80.7,0.1739
1.724,1.48,82.9,0.1739
1.751,1.832,83,0.1732
1.751,2.236,81.1,0.1732
1.724,1.94,79.4,0.1724
1.724,2.236,82.5,0.1739
1.724,3.301,76.3,0.1739
1.724,2.983,67.9,0.1732
1.724,2.664,69.6,0.1732
1.697,0.439,75.4,0.1724
1.697,-0.451,89.4,0.1724
1.643,-0.704,92.7,0.1724
1.615,-0.088,91.3,0.1724
1.588,-0.06,86.4,0.1717
1.561,-0.451,86.2,0.1717
1.534,-0.563,85.8,0.1717
1.507,-0.704,87.8,0.171
1.48,-0.395,81.8,0.171
1.453,-0.088,79.3,0.171
1.425,0.163,77.1,0.1702
1.425,0.687,74.2,0.1702
1.398,1.697,70.2,0.1702
1.398,2.45,65.5,0.1753
1.453,3.168,63.2,0.1739
1.561,2.717,60.2,0.1739
1.615,2.316,61.6,0.1732
1.67,1.913,61.6,0.1724
1.697,2.074,61.4,0.1724
1.697,0.989,60.9,0.1717
1.67,0.107,63.5,0.1717
1.615,-0.283,64.2,0.171
1.534,-0.423,63.2,0.1702
1.507,-0.789,62.5,0.1695
1.453,-1.413,63.4,0.1695
1.425,-1.641,67,0.1688
1.371,-1.842,70.5,0.1688
1.317,-2.16,72,0.1681
1.289,-2.218,71.1,0.1681
1.262,-2.421,69.8,0.1681
1.235,-2.654,70.5,0.1673
1.18,-2.976,72,0.1673
1.153,-3.33,73.3,0.1673
1.126,-2.566,73.9,0.1666
1.099,-0.62,70.7,0.1673
1.071,0.577,65.9,0.1681
1.044,1.751,62.7,0.1681
1.044,2.262,60.5,0.1681
1.099,3.168,58.6,0.1681
1.208,3.195,56.3,0.1681
1.262,3.168,55.1,0.1681
1.317,2.477,55,0.1673
1.344,1.751,56.5,0.1673
1.344,0.742,59.3,0.1666
1.344,-0.004,60.6,0.1666
1.317,-0.507,61.1,0.1666
1.289,-0.93,61.6,0.1666
1.235,-0.958,61.9,0.1666
1.208,-1.128,63.6,0.1659
1.18,-1.47,67,0.1659
1.153,-1.842,67.6,0.1644
1.126,-1.958,64.8,0.1637
1.099,-2.683,64.3,0.1637
1.099,-2.771,64.4,0.163
1.071,-3.153,63.2,0.163
1.044,-3.39,63,0.163
1.017,-3.687,63,0.163
0.989,-3.301,63,0.1623
0.962,-2.044,60.4,0.1623
0.934,-0.732,53.4,0.1637
0.907,0.356,48.6,0.1637
0.907,1.507,43.8,0.1637
0.934,1.534,39.3,0.1637
0.989,1.643,39.2,0.1637
0.989,1.425,41.4,0.1637
1.017,1.153,42.1,0.163
1.017,0.079,44.4,0.163
1.017,-0.986,47.4,0.163
0.989,-1.699,49.7,0.163
0.989,-2.073,52,0.1623
0.962,-2.392,53.3,0.1623
0.962,-2.45,59.5,0.1623
0.934,-2.625,61,0.1623
0.934,-2.859,54.4,0.1615
0.907,-3.271,50.5,0.1615
0.88,-3.926,50.9,0.1615
0.852,-4.408,52.7,0.1608
0.852,-4.895,54.8,0.1594
0.825,-5.233,56.7,0.1594
0.797,-5.542,57.9,0.1586
0.797,-5.791,59.5,0.1586
0.77,-5.079,60.8,0.1579
0.742,-3.627,60.1,0.1579
0.742,-1.47,58.5,0.1586
0.715,0.273,56.5,0.1586
0.687,1.886,54.1,0.1594
0.687,2.262,51.9,0.1594
0.715,3.116,51.1,0.1594
0.77,3.009,51.6,0.1594
0.77,1.262,59.7,0.1594
0.797,-0.171,64.8,0.1594
0.797,-1.584,70.7,0.1594
0.797,-2.363,74.7,0.1594
0.797,-2.859,77.7,0.1594
0.77,-3.479,80,0.1594
0.77,-3.807,82.5,0.1586
0.77,-4.197,84.2,0.1586
0.77,-3.449,85,0.1586
0.742,-3.035,84,0.1586
0.742,-2.625,83.4,0.1579
0.742,-2.392,83.8,0.1579
0.742,-1.441,82.6,0.1579
0.742,-1.299,78.6,0.1579
0.742,-1.185,77.4,0.1579
0.742,-1.128,78.9,0.1579
0.742,-0.648,77.3,0.1579
0.742,-0.563,76.7,0.1572
0.742,-0.62,77.2,0.1572
0.742,-0.255,74.8,0.1572
0.742,-0.116,74.2,0.1572
0.742,0.024,74.3,0.1572
0.742,0.051,74,0.1572
0.742,-0.171,76.6,0.1564
0.742,0.301,77.6,0.1572
0.742,0.522,78.7,0.1572
0.742,0.577,80.1,0.1564
0.77,0.605,83.2,0.1564
0.77,0.715,87.7,0.1564
0.77,0.273,84.8,0.1564
0.797,-0.873,87,0.1564
0.77,-1.413,89.5,0.1564
0.77,-2.16,90.6,0.1564
0.77,-2.247,91.5,0.1564
0.77,-2.45,92,0.1564
0.77,-2.044,92.5,0.1564
0.77,-1.413,92.8,0.1564
0.77,-1.929,93.3,0.1557
0.742,-1.756,93.7,0.1557
0.742,-1.613,93.9,0.1557
0.742,0.439,94,0.1557
0.77,1.235,90.8,0.1557
0.77,1.235,87.8,0.1557
0.797,1.398,86.5,0.1557
0.825,1.507,85.7,0.155
0.88,1.967,85.4,0.1557
0.907,1.534,87.9,0.155
0.962,1.913,90.9,0.155
1.017,2.61,88.8,0.155
1.071,1.778,87.4,0.155
1.099,1.453,91.2,0.155
1.099,0.024,92,0.155
1.099,0.934,92.6,0.155
1.099,1.208,90.4,0.155
1.071,-0.004,88.3,0.155
1.071,-0.143,84.2,0.155
1.071,-0.507,81.1,0.1543
1.071,-0.958,80.3,0.1543
1.044,-1.413,78.8,0.1535
1.017,-2.073,79.5,0.1535
0.989,-2.247,79.6,0.1535
0.989,-2.566,77.6,0.1535
0.962,-2.976,75.8,0.1535
0.962,-3.212,76.6,0.1528
0.934,-3.538,76.9,0.1528
0.907,-3.271,75.8,0.1528
0.907,-1.527,73.7,0.1535
0.907,-1.556,68.3,0.1535
0.907,-0.845,69.1,0.1535
0.934,-1.27,66.9,0.1535
0.962,-1.157,66.5,0.1535
0.962,-0.958,66.4,0.1535
0.962,-0.789,66.1,0.1528
0.962,-0.986,67.6,0.1535
0.962,-1.071,70.7,0.1528
0.962,-1.356,72.8,0.1528
0.962,-1.413,75.2,0.1528
0.934,-2.508,77.3,0.1528
0.907,-3.006,77.8,0.1521
0.907,-1.929,75.4,0.1514
0.88,-2.044,76,0.1514
0.88,-1.699,77.1,0.1514
0.852,-1.814,79.1,0.1506
0.852,-1.958,81,0.1506
0.852,-1.814,82.3,0.1506
0.825,-1.527,82.3,0.1506
0.825,-1.498,81.2,0.1506
0.797,-1.584,80.2,0.1506
0.797,-0.62,81.7,0.1506
0.797,0.825,80.8,0.1514
0.797,2.182,74.4,0.1521
0.797,2.61,66.6,0.1514
0.825,2.93,63.8,0.1521
0.88,2.584,67.6,0.1521
0.934,2.69,61.2,0.1514
0.989,2.289,60.9,0.1521
1.017,1.751,63.1,0.1514
1.044,1.017,65,0.1514
1.044,-0.507,67.5,0.1514
1.044,-0.676,70.8,0.1514
1.017,-1.015,67.8,0.1514
0.989,-1.128,69.9,0.1506
0.962,-1.356,71.8,0.1514
0.962,-1.584,72.4,0.1506
0.934,-1.986,74.3,0.1506
0.907,-2.334,75.5,0.1506
0.907,-2.276,77.8,0.1506
0.88,-2.625,80.1,0.1506
0.88,-2.334,80.2,0.1506
0.852,-2.305,79.7,0.1499
0.852,-2.596,80.3,0.1506
0.825,-2.742,79.6,0.1506
0.797,-2.015,77.9,0.1499
0.797,-0.648,74.3,0.1499
0.797,0.577,67.7,0.1506
0.77,0.825,62.1,0.1499
0.797,1.044,59.1,0.1499
0.825,1.507,57.8,0.1499
0.852,1.588,54.9,0.1499
0.88,1.425,55.1,0.1499
0.907,1.425,54.3,0.1499
0.907,1.289,53.3,0.1499
0.907,0.742,52.9,0.1499
0.907,0.107,54.6,0.1492
0.907,-0.507,60.2,0.1499
0.907,-1.814,64.9,0.1492
0.88,-1.699,69.7,0.1499
0.852,-2.131,68.6,0.1492
0.852,-2.8,72.3,0.1492
0.852,-3.33,75.3,0.1492
0.825,-3.717,77,0.1492
0.825,-3.747,78.3,0.1492
0.797,-3.717,78.7,0.1492
0.797,-3.419,79.5,0.1492
0.77,-4.197,79.9,0.1492
0.77,-5.264,82.3,0.1477
0.742,-3.39,83,0.1477
0.742,-1.842,75.5,0.1477
0.742,-0.227,70.2,0.1485
0.715,0.852,64.9,0.1485
0.742,1.48,58.4,0.1485
0.77,1.697,55.9,0.1485
0.825,2.047,54.7,0.1485
0.88,2.316,53.3,0.1485
0.934,2.155,53.3,0.1485
0.989,1.643,53.5,0.1485
1.017,0.605,58.7,0.1485
1.017,0.107,62.2,0.1477
1.017,-0.676,62.7,0.1477
0.989,-1.1,65.7,0.1485
0.962,-1.441,68.1,0.1477
0.962,-1.641,69.7,0.1477
0.934,-1.814,71.5,0.1477
0.907,-1.929,72.4,0.1477
0.88,-1.986,72.7,0.1477
0.88,-1.986,71.7,0.1477
0.852,-1.958,71,0.1477
0.852,-2.131,69.5,0.1477
0.852,-2.334,69.4,0.1477
0.825,-2.305,69.3,0.1477
0.825,-2.45,69.4,0.147
0.797,-2.479,74.5,0.147
0.797,-1.871,74.6,0.147
0.825,-1.556,72.8,0.147
0.852,-1.47,76.3,0.147
0.852,-0.76,75.1,0.147
0.907,0.107,71.1,0.147
0.962,-0.339,70.3,0.147
0.989,-0.704,71.6,0.147
1.017,-0.76,72,0.147
1.017,-1.413,74.8,0.147
1.017,-2.392,86.1,0.147
0.989,-2.683,89.7,0.147
0.962,-2.976,90,0.1463
0.962,-3.183,90.4,0.1463
0.934,-3.627,90,0.1463
0.907,-4.016,89.7,0.1463
0.907,-4.348,89.6,0.1463
0.88,-3.807,89.3,0.1463
0.852,-3.687,88.6,0.1463
0.852,-3.747,85.9,0.1456
0.852,-3.836,83.9,0.1463
0.825,-4.348,83.9,0.1456
0.825,-4.957,84,0.1456
0.797,-3.956,83.8,0.1456
0.797,-1.9,81.7,0.1456
0.797,-0.732,78.3,0.1456
0.797,-0.171,73.2,0.1456
0.797,0.301,72.1,0.1456
0.797,1.18,69.7,0.1463
0.825,0.88,73.6,0.147
0.852,0.55,77.8,0.1477
0.88,0.907,76.8,0.1477
0.907,0.329,71.4,0.1477
0.907,-0.06,70.8,0.1477
0.907,-0.648,71.4,0.1477
0.907,-1.1,74.1,0.1477
0.907,-1.327,76.9,0.147
0.88,-1.157,79,0.147
0.88,-1.213,79.6,0.147
0.852,-1.242,81.9,0.147
0.852,-1.441,81.9,0.147
0.852,-1.527,81.9,0.147
0.825,-1.699,82,0.1463
0.825,-1.814,81.7,0.1463
0.797,-1.871,80.6,0.1463
0.797,-2.16,79.1,0.1456
0.797,-2.305,78.6,0.1456
0.77,-1.9,78.3,0.1456
0.77,-1.015,75.2,0.1463
0.742,-0.451,71.3,0.1463
0.742,0.852,69.8,0.1463
0.742,0.852,67.6,0.1463
0.77,0.412,68,0.1463
0.77,0.605,69.7,0.1463
0.797,0.77,70.2,0.1463
0.825,0.384,70.1,0.1456
0.852,0.079,68.2,0.1463
0.852,-1.185,66.4,0.1463
0.852,-2.247,68.4,0.1456
0.825,-2.305,68.1,0.1456
0.825,-2.596,70.3,0.1456
0.797,-2.976,71.9,0.1448
0.797,-3.153,73.9,0.1448
0.77,-3.183,74.5,0.1448
0.77,-3.627,75,0.1448
0.742,-3.627,75.3,0.1448
0.742,-3.508,75.4,0.1448
0.742,-3.627,75.2,0.1448
0.715,-4.167,76.8,0.1448
0.687,-4.499,79.2,0.1441
0.687,-4.106,80.2,0.1441
0.687,-2.16,79.3,0.1441
0.66,0.55,73.2,0.1441
0.66,3.036,63.9,0.1448
0.66,2.557,56.2,0.1448
0.66,2.584,56.6,0.1448
0.66,3.116,58.3,0.1448
0.687,3.512,56.1,0.1448
0.742,3.195,62.6,0.1448
0.77,2.021,76.3,0.1448
0.825,1.724,74.3,0.1448
0.852,0.77,79.1,0.1448
0.852,-0.789,78.9,0.1448
0.852,-1.242,82.6,0.1448
0.825,-1.27,81.1,0.1448
0.825,-2.073,75.7,0.1448
0.797,-2.334,70.5,0.1448
0.797,-2.421,69.1,0.1448
0.77,-2.625,70.7,0.1448
0.77,-3.124,75.9,0.1448
0.77,-4.408,72.8,0.1441
0.742,-5.172,71.5,0.1441
0.742,-5.823,67.3,0.1441
0.742,-6.452,68,0.1434
0.715,-6.834,70,0.1434
0.687,-6.642,68.3,0.1426
0.66,-5.948,65,0.1426
0.66,-5.11,65.3,0.1426
0.632,-3.926,61.3,0.1426
0.632,-3.006,58.9,0.1426
0.605,-1.871,55.9,0.1426
0.605,-1.242,54.1,0.1434
0.605,-0.563,51.7,0.1434
0.605,-0.817,51.8,0.1434
0.605,-1.556,52.1,0.1434
0.605,-2.334,54.4,0.1426
0.605,-3.094,57.4,0.1426
0.605,-3.687,59.9,0.1426
0.605,-4.106,61.7,0.1419
0.577,-4.257,64.4,0.1419
0.577,-4.743,67.8,0.1419
0.577,-6.073,71.2,0.1412
0.577,-6.579,74,0.1412
0.55,-5.172,75.4,0.1412
0.55,-4.046,73.8,0.1405
0.522,-3.777,74.1,0.1405
0.522,-4.106,74.5,0.1397
0.522,-4.348,75.6,0.1397
0.522,-3.449,76.4,0.1397
0.522,-1.556,74.6,0.1397
0.495,0.412,70.7,0.1397
0.495,2.717,60.8,0.1397
0.495,3.958,54,0.1405
0.495,5.102,48.5,0.1405
0.495,5.462,44.6,0.1412
0.522,5.437,43.7,0.1419
0.55,5.77,42.3,0.1419
0.577,4.973,35.7,0.1419
0.577,3.195,37.5,0.1419
0.577,1.099,41.2,0.1412
0.577,-1.071,44.9,0.1412
0.577,-2.16,48.5,0.1412
0.577,-2.918,45.3,0.1412
0.577,-3.301,43,0.1412
0.577,-3.568,45.2,0.1405
0.577,-3.508,47.9,0.1405
0.577,-4.59,50.9,0.1405
0.577,-4.651,53.6,0.1405
0.577,-5.449,54.8,0.1405
0.55,-4.197,57.5,0.1397
0.55,-3.627,54.3,0.1397
0.55,-3.449,53.4,0.139
0.55,-3.657,57.1,0.139
0.55,-2.421,59.4,0.139
0.522,0.66,53,0.139
0.55,4.376,43.9,0.139
0.55,6.255,40.4,0.1397
0.577,8.145,38.4,0.1397
0.687,9.41,34.4,0.1397
0.852,9.78,33.2,0.1397
0.962,10.198,32.5,0.1405
1.044,9.756,32.9,0.1405
1.099,3.459,42.7,0.1405
1.153,1.071,67.9,0.1405
1.18,-0.143,75.2,0.1405
1.153,-0.676,79,0.1405
1.099,-0.088,78.3,0.1397
1.044,-0.255,64.7,0.1397
1.017,-0.845,63.5,0.1397
0.989,-1.185,65.8,0.1397
0.962,-1.27,60.7,0.1397
0.907,-1.756,47.2,0.1397
0.88,-2.596,46.1,0.1397
0.852,-3.568,42.3,0.1397
0.852,-4.804,38.6,0.1397
0.825,-5.948,40.5,0.1397
0.797,-6.231,41.4,0.139
0.77,-5.916,40.7,0.139
0.77,-4.651,38.7,0.139
0.742,-2.859,35.3,0.139
0.715,-1.871,37.5,0.139
0.715,-1.441,39.4,0.139
0.77,-1.47,40.4,0.139
0.852,-1.641,41.7,0.139
0.852,-1.157,42.9,0.139
0.852,-1.47,43.9,0.139
0.852,-2.044,47.2,0.139
0.825,-2.654,52.7,0.139
0.77,-3.449,57.2,0.139
0.77,-4.378,61.8,0.139
0.742,-4.56,66,0.139
0.742,-4.469,64.2,0.139
0.742,-5.233,64,0.139
0.715,-5.823,67.1,0.1383
0.687,-6.262,69.3,0.1383
0.687,-6.866,70.7,0.1383
0.687,-7.026,72.4,0.1376
0.66,-7.219,73.5,0.1376
0.632,-6.483,72.8,0.1376
0.632,-5.76,72.5,0.1376
0.605,-4.56,72.8,0.1376
0.605,-3.627,63.9,0.1376
0.577,-2.392,62.9,0.1376
0.577,-1.584,62.5,0.1376
0.577,-0.171,60.5,0.1368
0.55,0.605,56.9,0.1376
0.577,-0.395,56.4,0.1376
0.605,-0.088,59.8,0.1376
0.605,0.356,59,0.1376
0.605,0.329,58.3,0.1376
0.632,-0.367,60.7,0.1383
0.632,-0.704,62.5,0.1383
0.605,-1.1,63.6,0.1383
0.605,-1.47,66,0.1383
0.577,-2.131,66.6,0.1376
0.577,-1.699,67.3,0.1376
0.577,-1.67,69.2,0.1376
0.577,-1.727,68,0.1376
0.577,-1.842,58.8,0.1376
0.577,-2.16,51.8,0.1376
0.577,-2.363,49.5,0.1376
0.577,-3.094,50.1,0.1368
0.577,-3.419,52.3,0.1368
0.577,-3.627,54,0.1368
0.55,-3.807,56,0.1368
0.55,-3.449,58,0.1368
0.55,-2.015,55.7,0.1368
0.55,-0.62,52,0.1368
0.522,1.425,47.9,0.1368
0.522,2.61,43.8,0.1368
0.55,3.168,41.6,0.1368
0.577,3.827,39.8,0.1368
0.632,4.454,41.4,0.1376
0.66,4.454,39.2,0.1376
0.715,4.089,37.1,0.1376
0.742,2.717,41.7,0.1376
0.742,1.153,47.2,0.1368
0.742,0.273,48.6,0.1368
0.715,-0.088,49.1,0.1368
0.687,-0.227,50.3,0.1368
0.66,-0.395,52.3,0.1376
0.632,-0.902,53.1,0.1368
0.632,-1.413,54.5,0.1368
0.632,-1.871,55.7,0.1368
0.605,-2.392,57.6,0.1368
0.605,-2.596,58.9,0.1368
0.605,-2.976,60.7,0.1368
0.605,-3.36,62.7,0.1368
0.577,-3.39,63.8,0.1361
0.577,-2.625,63.1,0.1361
0.577,-0.76,59.1,0.1361
0.577,1.071,55,0.1368
0.577,2.289,50.2,0.1368
0.605,3.459,47.8,0.1368
0.66,4.35,43.5,0.1368
0.77,4.947,39.8,0.1368
0.825,5.462,37.9,0.1368
0.907,5.411,37.8,0.1368
0.962,4.844,39,0.1368
1.017,3.327,42.8,0.1368
1.017,1.317,50.3,0.1368
0.989,0.024,56.4,0.1368
0.962,-0.93,61.6,0.1368
0.934,-1.756,66.6,0.1361
0.88,-1.814,68.4,0.1368
0.852,-2.305,68.9,0.1368
0.797,-2.625,69.2,0.1361
0.77,-2.888,69.4,0.1361
0.742,-3.006,71.9,0.1361
0.742,-3.301,72.8,0.1361
0.715,-3.687,74.9,0.1361
0.687,-3.986,76.4,0.1361
0.687,-3.508,76.1,0.1361
0.687,-1.67,66.8,0.1361
0.66,-0.451,58.3,0.1361
0.66,1.071,51.8,0.1361
0.687,2.289,48.6,0.1361
0.742,3.406,43.7,0.1361
0.852,3.485,38,0.1361
0.989,4.141,41,0.1361
1.071,3.749,42.2,0.1361
1.126,2.823,44.5,0.1361
1.153,1.886,48.4,0.1361
1.153,0.825,51,0.1361
1.126,0.163,53.2,0.1361
1.099,-0.507,53.7,0.1361
1.044,-1.157,55.9,0.1361
0.989,-1.356,59.1,0.1361
0.962,-1.356,61.9,0.1354
0.907,-1.185,64.3,0.1354
0.88,-1.641,65.4,0.1354
0.852,-2.015,63.1,0.1354
0.797,-2.596,60.8,0.1354
0.77,-3.065,57.2,0.1354
0.742,-3.598,55.2,0.1354
0.742,-4.227,55.1,0.1354
0.742,-4.53,56.8,0.1354
0.715,-3.956,55.9,0.1354
0.687,-2.8,54.2,0.1347
0.687,-1.47,52,0.1354
0.687,-0.088,47.7,0.1354
0.715,1.017,42.9,0.1354
0.797,1.643,37.1,0.1354
0.88,1.886,34.2,0.1354
0.934,2.047,35.4,0.1354
0.962,1.643,36.8,0.1354
0.962,0.384,38.8,0.1354
0.962,-1.213,41.8,0.1354
0.934,-2.45,46.4,0.1354
0.88,-2.947,47.4,0.1354
0.825,-3.153,47.4,0.1347
0.797,-3.598,45.6,0.1354
0.77,-4.167,46.2,0.1347
0.742,-4.621,47.3,0.1347
0.742,-5.202,49.7,0.1347
0.715,-6.01,51.4,0.1347
0.687,-6.42,54,0.1347
0.687,-6.77,55,0.1347
0.66,-6.61,54.1,0.1347
0.632,-7.284,54.3,0.1347
0.605,-7.09,57.5,0.1347
0.605,-5.511,55.3,0.1347
0.577,-3.212,51.5,0.1347
0.55,-1.071,48.7,0.1347
0.55,-0.004,51.5,0.1339
0.55,1.099,56.6,0.1339
0.55,0.522,60.9,0.1339
0.605,1.099,65.3,0.1347
0.605,1.153,64.6,0.1347
0.632,0.907,65.6,0.1347
0.632,0.742,67.7,0.1347
0.66,-0.06,69.7,0.1347
0.632,-1.015,74.1,0.1347
0.632,-0.789,76.7,0.1347
0.632,-1.413,78.6,0.1347
0.605,-2.102,82,0.1347
0.605,-2.247,84.4,0.1339
0.577,-2.712,85.9,0.1347
0.577,-2.479,86.8,0.1339
0.577,-2.218,88.5,0.1339
0.577,-0.479,89.2,0.1347
0.577,-0.958,87,0.1339
0.577,-1.584,87.9,0.1339
0.577,-2.392,88.8,0.1339
0.577,-1.756,90.1,0.1339
0.577,1.805,87.6,0.1339
0.605,3.617,81.8,0.1339
0.632,4.636,75.9,0.1339
0.715,5.591,69.9,0.1339
0.88,5.975,65.3,0.1339
1.071,6.255,62.4,0.1339
1.262,6.914,60.3,0.1339
1.371,6.204,56,0.1339
1.453,5.591,57.8,0.1339
1.507,4.558,56,0.1339
1.534,3.354,62.4,0.1339
1.534,2.85,67.6,0.1339
1.534,2.637,69.8,0.1339
1.534,2.744,73.1,0.1339
1.507,2.316,77.4,0.1339
1.507,2.236,80.1,0.1339
1.48,1.778,79.4,0.1339
1.48,1.425,79.6,0.1339
1.48,1.208,79.8,0.1339
1.48,2.021,79.2,0.1339
1.453,2.61,77.1,0.1339
1.453,2.557,77.3,0.1339
1.453,2.664,78.2,0.1339
1.48,3.142,77.3,0.1339
1.507,3.485,75.6,0.1339
1.534,3.168,82.9,0.1339
1.588,2.77,86.5,0.1339
1.643,2.637,90.1,0.1354
1.697,2.717,91.4,0.1354
1.724,2.69,92.2,0.1354
1.778,2.877,93.3,0.1361
1.832,3.036,94.6,0.1368
1.859,3.036,95.4,0.1376
1.886,3.38,96.2,0.1383
1.94,3.985,96.9,0.139
1.967,3.827,97.1,0.139
2.021,4.921,97.5,0.1397
2.074,5.796,98,0.1397
2.101,6.102,98.2,0.1405
2.182,6.331,98.4,0.1405
2.236,6.102,98.4,0.1405
2.289,6.484,98.7,0.1405
2.37,5.693,98,0.1397
2.45,4.454,96.2,0.1397
2.477,3.775,94,0.139
2.477,2.877,93.9,0.139
2.477,2.262,92,0.139
2.477,2.396,91.4,0.139
2.423,2.717,90,0.139
2.423,3.327,88.3,0.1383
2.45,3.985,87.2,0.1383
2.503,4.844,85.4,0.1383
2.584,5.693,83.4,0.1383
2.69,6.737,81.1,0.1412
2.823,6.458,79.7,0.1405
2.956,6.357,80,0.1405
3.089,6.102,79.9,0.1405
3.142,5.154,81.3,0.1405
3.168,4.22,83.6,0.1405
3.168,2.956,86.2,0.1405
3.116,1.886,89.1,0.1397
3.036,1.371,90.8,0.1397
2.956,0.412,92.3,0.1397
2.85,0.439,93.2,0.1397
2.77,0.412,93.8,0.1397
2.717,0.107,94.1,0.1397
2.637,-0.339,94.4,0.1397
2.584,0.687,95.1,0.139
2.53,1.044,95.6,0.139
2.503,1.832,95.8,0.139
2.477,2.262,95.6,0.139
2.477,2.69,95.5,0.139
2.503,3.459,95.6,0.139
2.53,3.827,95.7,0.139
2.584,4.063,96.8,0.139
2.61,4.48,97.4,0.1397
2.69,4.869,97.7,0.1397
2.77,5.05,98,0.1405
2.877,5.179,98,0.1485
2.983,6.102,98.3,0.1543
3.089,5.616,97.9,0.1579
3.168,5.565,97.4,0.1594
3.248,4.973,97.5,0.1702
3.327,4.714,97.4,0.179
3.354,4.558,97.4,0.1906
3.38,4.246,97.5,0.1935
3.38,3.827,97.3,0.1935
3.354,3.67,97.2,0.192
3.327,3.643,97,0.1913
3.301,3.67,96.8,0.1891
3.274,3.406,96.5,0.1877
3.274,3.591,95.5,0.1855
3.248,2.983,93.1,0.1833
3.221,2.61,91.5,0.1819
3.168,2.396,90.1,0.1811
3.142,2.262,88.9,0.1797
3.089,2.557,84.7,0.179
3.063,2.823,77.3,0.1775
3.036,4.089,69.8,0.1768
3.089,4.037,62.8,0.1761
3.168,4.454,57.5,0.1753
3.221,4.766,52.9,0.1746
3.301,5.642,47.7,0.1739
3.38,4.999,49.6,0.1732
3.406,4.818,46.9,0.1732
3.406,5.257,47.8,0.1724
3.38,4.688,48.7,0.1717
3.327,3.009,54.9,0.171
3.274,1.805,56.2,0.171
3.195,0.687,55,0.1702
3.089,-0.283,62.5,0.1695
2.983,-1.498,67.4,0.1688
2.877,-1.727,70.3,0.1688
2.797,-1.67,73.2,0.1681
2.744,-2.45,74.6,0.1681
2.664,-2.566,80.5,0.1681
2.61,-0.535,77.3,0.1673
2.53,-0.199,76.6,0.1673
2.477,-0.648,79.7,0.1666
2.423,0.66,80.3,0.1666
2.396,2.717,76.1,0.1666
2.343,5.539,68.4,0.1659
2.396,7.519,62.2,0.1659
2.53,8.145,58.4,0.1652
2.717,8.643,57.7,0.1652
2.956,8.494,54.4,0.1644
3.142,8.17,57.1,0.1637
3.274,8.717,59.3,0.1637
3.38,8.12,58.1,0.1637
3.433,5.411,77.5,0.1637
3.433,4.921,87.2,0.1681
3.459,5.488,91,0.1746
3.485,6.889,91.9,0.1753
3.512,7.544,89.8,0.1739
3.538,6.813,89.3,0.1732
2.85,-1.071,50.7,0.4521
2.77,-2.247,52.6,0.4521
2.61,-3.212,56.5,0.4521
2.477,-3.777,60.3,0.4521
2.343,-4.227,62.1,0.4521
2.262,-4.743,64.8,0.4521
2.155,-5.388,68.5,0.4521
2.074,-6.579,71.7,0.4513
1.994,-6.61,74.2,0.4521
1.94,-6.834,76.3,0.4521
1.886,-5.018,79.2,0.4521
1.832,-4.287,80,0.4521
1.778,-4.59,78.4,0.4513
1.751,-4.53,79.1,0.4513
1.697,-2.918,79.8,0.4521
1.67,-1.015,77.5,0.4513
1.643,1.317,71.8,0.4528
1.615,3.958,60,0.4528
1.643,5.693,49.3,0.4528
1.832,6.433,43,0.4528
2.316,7.091,39.2,0.4521
2.744,8.195,37.5,0.4521
2.983,7.87,36.6,0.4521
3.116,6.408,32.5,0.4521
3.089,4.011,32.7,0.4521
3.036,1.67,37.3,0.4521
2.93,-0.62,41.2,0.4528
2.85,-1.9,45.8,0.4528
2.717,-2.888,44.3,0.4521
2.584,-3.33,42.2,0.4521
2.503,-3.747,44,0.4528
2.37,-3.36,46.1,0.4521
2.236,-4.53,48.8,0.4521
2.155,-5.141,51.6,0.4521
2.101,-6.579,59.2,0.4528
2.047,-4.59,63.9,0.4521
1.967,-3.777,60.7,0.4521
1.94,-3.419,55.8,0.4528
1.886,-3.747,56,0.4528
1.859,-1.413,58.4,0.4528
1.832,1.235,51.7,0.4528
1.832,5.334,42.1,0.4528
1.886,7.77,36.1,0.4528
2.101,10.614,33.8,0.4528
2.664,10.98,29.8,0.4528
3.142,10.075,28.4,0.4528
3.38,11.953,28.6,0.4528
3.512,11.2,28.7,0.4528
3.538,3.142,37,0.4528
3.485,1.208,64.3,0.4521
3.512,-0.591,71.2,0.4528
3.591,-0.171,75.6,0.4528
3.591,-0.704,79.9,0.4528
3.538,-0.227,72.4,0.4528
3.406,-0.789,63.8,0.4528
3.221,-0.873,65.1,0.4528
3.063,-1.299,62.6,0.4528
2.93,-1.699,50.2,0.4528
2.797,-2.742,45.9,0.4521
2.664,-3.065,45,0.4528
2.557,-4.53,38.9,0.4528
2.45,-5.698,40.4,0.4528
2.343,-5.233,41.8,0.4528
2.262,-4.987,40.7,0.4528
2.209,-3.986,38.6,0.4528
2.182,-1.613,35.7,0.4528
2.155,-1.986,36.6,0.4535
2.289,-0.591,38,0.4528
2.744,0.024,38.7,0.4528
3.274,0.412,38.9,0.4535
3.67,0.797,40.2,0.4535
3.932,-0.171,41.8,0.4528
4.063,-1.527,45,0.4535
4.037,-2.771,52.2,0.4528
3.985,-4.227,58.5,0.4528
3.932,-4.682,62.5,0.4528
3.801,-4.957,66.1,0.4535
3.643,-4.137,66.1,0.4535
3.406,-5.11,63.3,0.4535
3.221,-5.636,66.9,0.4528
3.063,-6.168,69.3,0.4528
2.93,-6.515,71.2,0.4528
2.797,-7.187,72.4,0.4528
2.69,-7.706,73.8,0.4521
2.584,-6.834,75.1,0.4528
2.477,-5.079,75.9,0.4528
2.396,-3.836,75.6,0.4521
2.316,-2.947,67.1,0.4521
2.236,-2.189,63.5,0.4528
2.182,-1.128,63,0.4528
2.182,0.329,61.1,0.4528
2.343,0.907,57.6,0.4528
2.823,0.55,55.8,0.4528
3.38,0.989,57.1,0.4528
3.749,1.398,57.3,0.4528
3.854,0.989,57.8,0.4528
3.643,0.301,59.9,0.4528
3.38,-0.479,63,0.4528
3.195,-1.327,64.1,0.4528
3.009,-0.93,66.6,0.4528
2.85,-1.128,67.1,0.4528
2.717,-1.958,68.2,0.4528
2.584,-1.498,70.9,0.4528
2.503,-1.613,70,0.4528
2.396,-1.47,61.4,0.4528
2.316,-1.929,52.4,0.4528
2.262,-2.131,49.7,0.4528
2.209,-2.712,49.1,0.4528
2.155,-3.242,51.7,0.4528
2.074,-3.419,53.9,0.4528
2.021,-3.301,55.7,0.4521
1.994,-2.566,56.1,0.4528
1.994,-1.185,53.8,0.4528
2.021,0.962,49.7,0.4528
2.128,2.903,45.2,0.4528
2.37,4.454,40.6,0.4528
2.797,4.74,37.5,0.4528
3.248,6.077,35.1,0.4535
3.591,5.668,36.5,0.4535
3.67,5.411,35.5,0.4535
3.591,4.74,34.1,0.4535
3.459,3.327,36.8,0.4535
3.301,1.371,44.3,0.4535
3.168,0.55,46.5,0.4535
3.009,0.024,46.8,0.4535
2.823,-0.255,48.1,0.4535
2.637,-0.283,50.2,0.4535
2.477,-0.62,50.9,0.4535
2.37,-1.356,52.2,0.4535
2.289,-1.814,54.2,0.4535
2.209,-2.363,56.1,0.4535
2.155,-2.566,57.9,0.4535
2.101,-2.859,59.7,0.4542
2.047,-3.33,62.1,0.4535
2.021,-2.421,63.5,0.4535
1.994,-1.613,61.7,0.4535
1.967,0.246,57.4,0.4542
1.994,2.101,51.6,0.4542
2.047,3.116,45.4,0.4542
2.209,4.532,43.3,0.4535
2.503,5.128,39.7,0.4542
2.77,5.872,35.5,0.4542
2.983,6.889,34,0.4542
3.195,6.889,33.3,0.4542
3.354,5.462,35.3,0.4535
3.433,3.932,39.6,0.4542
3.406,1.615,45.9,0.4542
3.301,0.107,53.5,0.4542
3.221,-0.789,59.3,0.4542
3.142,-2.16,64.6,0.4542
3.009,-1.699,69,0.4542
2.877,-2.363,69.6,0.4542
2.77,-3.183,70.7,0.4542
2.664,-3.926,71.9,0.4542
2.557,-3.508,73.4,0.4535
2.477,-3.836,74.7,0.4542
2.396,-4.106,75.8,0.4542
2.316,-4.439,77.4,0.4542
2.236,-2.859,79.1,0.4542
2.182,-0.479,74.2,0.4542
2.155,0.632,58.5,0.4542
2.155,2.69,49,0.4542
2.209,3.564,43.5,0.4542
2.396,5.257,39.7,0.4542
2.797,4.688,34.2,0.4542
3.116,5.642,35.8,0.4542
3.433,5.308,36.9,0.4542
3.854,4.532,39.5,0.4542
4.089,2.477,44.1,0.4542
4.063,1.208,48.2,0.4542
3.854,0.273,51.3,0.4542
3.591,-0.339,52.2,0.4542
3.354,-0.93,54.2,0.4542
3.089,-1.556,57.5,0.4542
2.877,-1.327,61,0.4542
2.744,-1.213,63.6,0.4542
2.61,-1.47,64.8,0.455
2.53,-1.814,63.4,0.4542
2.45,-2.566,61.3,0.4542
2.37,-2.947,57.8,0.4542
2.289,-3.508,55.5,0.4542
2.236,-4.137,55.1,0.4542
2.182,-3.153,56,0.4542
2.128,-3.124,54.3,0.4542
2.101,-2.276,51.8,0.4542
2.074,0.051,49.2,0.4542
2.101,1.262,43.8,0.4542
2.289,2.53,39.3,0.4542
2.717,4.428,33.9,0.4542
3.116,4.22,30.1,0.4542
3.512,3.749,31.4,0.4542
3.932,3.221,32.6,0.4542
4.115,0.88,35.7,0.4542
4.089,-0.704,39.2,0.4542
3.854,-2.247,44.3,0.4542
3.512,-2.742,46.3,0.4542
3.168,-3.035,46.8,0.4542
2.85,-3.449,45.1,0.4542
2.61,-3.866,45,0.4542
2.477,-4.378,46.3,0.4542
2.396,-4.834,49.2,0.4542
2.316,-5.791,51.1,0.4542
2.289,-6.231,53.8,0.4542
2.262,-6.579,55.4,0.4535
2.209,-6.325,55.6,0.4535
2.182,-6.962,55.6,0.4535
2.182,-5.48,57.4,0.4535
2.155,-4.59,54.4,0.4535
2.155,-2.625,50.8,0.4535
2.155,0.632,47.1,0.4535
2.182,1.18,48,0.4535
2.477,0.88,54,0.4535
3.009,1.859,60.2,0.4535
3.38,2.047,63.5,0.4542
3.564,2.236,62.5,0.4542
3.591,2.182,62.5,0.4542
3.564,1.18,66,0.4542
3.485,0.273,69.6,0.4542
3.38,-0.199,73.2,0.4542
3.301,-0.199,75.7,0.4542
3.221,-0.395,78,0.4542
3.116,-0.902,81.1,0.4542
2.983,-1.641,83.5,0.4542
2.877,-2.625,85.2,0.4535
2.797,-3.006,86.8,0.4542
2.69,-3.065,88.2,0.4542
2.61,-1.441,89.4,0.4542
2.53,-1.47,90.2,0.4535
2.477,-1.814,90.9,0.4542
2.423,-2.305,91.5,0.4535
2.37,1.099,91.7,0.4542
2.343,2.396,91.2,0.4542
2.343,3.406,87.7,0.4535
2.45,5.385,80.2,0.4535
2.584,5.565,71.2,0.4535
2.93,7.268,66.8,0.4535
3.485,7.343,61,0.4535
3.932,7.619,59.5,0.4542
4.298,6.382,56.4,0.4542
4.584,5.821,57.9,0.455
4.792,4.818,56.2,0.4542
4.895,3.538,63.2,0.4542
4.921,3.063,69.1,0.455
4.895,2.93,70.9,0.455
4.818,2.823,73.2,0.455
4.714,2.37,76.8,0.4542
4.61,1.805,80.7,0.455
4.532,1.561,82.7,0.455
4.428,1.262,82.7,0.455
4.272,0.962,82.8,0.455
4.089,1.289,83.2,0.455
3.854,1.289,83,0.455
3.696,1.48,82.9,0.4557
3.564,2.155,83.7,0.455
3.459,3.009,83.1,0.455
3.354,3.906,80.6,0.4557
3.354,3.512,79.9,0.455
3.406,3.142,84.4,0.455
3.485,3.168,87.3,0.4557
3.564,3.195,89.3,0.455
3.643,3.221,90.8,0.455
3.696,3.301,91.8,0.455
3.749,3.564,92.5,0.455
3.749,3.512,93.2,0.455
3.775,3.958,93.7,0.455
3.775,4.22,94.2,0.455
3.801,4.272,94.6,0.455
3.801,5.05,95,0.455
3.801,5.949,95.3,0.455
3.801,6,95.4,0.455
3.801,6.179,95.7,0.4557
3.827,6.102,95.9,0.455
3.827,6.94,96.1,0.4557
3.854,6.204,96.1,0.4557
3.906,4.74,96.3,0.455
3.958,4.063,96.5,0.455
4.011,3.327,96.5,0.455
4.063,2.477,96.3,0.4557
4.063,2.69,95.9,0.455
4.063,3.38,95,0.455
4.115,4.011,92.6,0.455
4.168,4.921,88.9,0.455
4.272,6.255,84.9,0.4557
4.48,7.343,80.3,0.455
4.688,8.543,76.2,0.455
4.973,7.895,73.6,0.4557
5.282,8.444,72.9,0.4557
5.565,8.145,71.3,0.4557
5.77,6.331,74.3,0.4557
5.872,4.61,78.4,0.4557
5.924,2.717,82.2,0.4557
5.924,2.584,85.8,0.455
5.821,1.017,88.1,0.455
5.693,0.412,89.7,0.455
5.514,0.301,90.8,0.455
5.308,0.632,91.8,0.455
5.102,-0.088,92.4,0.455
4.895,-0.116,93,0.455
4.74,1.153,93.6,0.455
4.584,1.805,94,0.4557
4.454,2.53,94.3,0.455
4.376,2.664,94.7,0.455
4.298,3.591,95,0.455
4.246,3.827,95.2,0.455
4.22,4.22,95.3,0.455
4.246,4.402,95.4,0.455
4.298,4.792,95.6,0.455
4.376,5.308,95.9,0.455
4.454,5.36,96.1,0.4542
4.532,5.488,96.3,0.455
4.662,6.636,96.5,0.455
4.792,6.179,96.6,0.455
4.921,6.102,96.8,0.455
5.024,5.462,96.8,0.4542
5.076,5.179,96.8,0.4535
5.102,5.024,96.9,0.4542
5.102,4.74,96.9,0.4535
5.076,4.272,96.9,0.4542
5.076,4.037,96.9,0.4542
5.05,3.985,96.9,0.4542
5.024,3.985,96.9,0.4542
4.973,3.696,96.8,0.4542
4.947,3.643,96.7,0.4542
4.895,3.354,96.7,0.4542
4.844,2.93,96.4,0.4542
4.792,2.797,95.4,0.4542
4.74,2.637,93.5,0.4542
4.662,4.714,89.4,0.455
4.636,3.88,79.3,0.455
4.636,6.077,67.6,0.4542
4.74,5.462,56.2,0.455
5.076,5.616,51,0.455
5.437,7.494,46.8,0.455
5.745,6.914,41.4,0.455
5.975,5.847,42.5,0.4557
6.179,6.433,41.3,0.4557
6.331,5.77,41.9,0.4557
6.357,5.102,43.6,0.455
6.255,3.274,49.7,0.4557
6.128,1.967,53.7,0.4557
5.924,0.384,53.8,0.455
5.668,-1.299,58.6,0.455
5.437,-1.9,64.1,0.455
5.179,-2.334,68,0.455
4.999,-1.556,71.4,0.455
4.844,-2.888,72.9,0.455
4.714,-2.976,74.9,0.455
4.584,-0.535,76.5,0.4557
4.48,-0.591,74.5,0.455
4.376,-0.732,76.8,0.4557
4.272,2.074,79.5,0.4557
4.194,4.402,74.3,0.4557
4.089,6.56,66,0.4557
3.958,8.693,56.8,0.4557
3.932,9.952,51,0.455
4.22,10.075,50.5,0.455
4.688,9.706,47.7,0.4557
5.179,9.608,50.4,0.4557
5.591,9.657,53.2,0.4564
5.898,8.568,53,0.4564
6.153,5.872,67.9,0.4557
6.281,5.385,82.7,0.4557
6.281,5.693,87.8,0.455
6.255,6.763,90.3,0.4557
6.204,7.343,91.5,0.455
6.153,6.737,90.8,0.455
